id_conexion,segmento_origen,segmento_destino,puerto,protocolo,volumen_mb_sesion,frecuencia_dia,hora_predominante,duracion_seg,servicio_negocio,etiqueta_real,destino_externo,puerto_no_estandar
CX311,SEG_DMZ,SEG_SERVIDORES,443,tcp,53.6,75.3,17.4,122.6,retorno de servicios,benigna,0,0
CX334,SEG_USUARIOS,SEG_SERVIDORES,443,tcp,60.6,130.4,10.7,40.6,portal interno,benigna,0,0
CX464,SEG_SERVIDORES,SEG_SERVIDORES,22,tcp,52.3,18.1,14.1,104.5,administración remota,benigna,0,0
CX027,SEG_DMZ,EXTERNO,443,tcp,8.7,86.5,9.9,57.7,servicios publicados,benigna,1,0
CX491,SEG_SERVIDORES,SEG_SERVIDORES,22,tcp,7.3,42.5,10.5,141.8,administración remota,benigna,0,0
CX295,SEG_DMZ,SEG_SERVIDORES,443,tcp,92.8,53.1,10.6,119.2,retorno de servicios,benigna,0,0
CX331,SEG_ADMIN,SEG_BASES,22,tcp,12.8,72.9,14.4,97.5,mantenimiento de base de datos,benigna,0,0
CX159,SEG_SERVIDORES,SEG_DMZ,443,tcp,75.9,34.3,19.1,102.7,publicación de servicios,benigna,0,0
CX549,SEG_USUARIOS,SEG_SERVIDORES,80,tcp,41.0,54.6,9.3,128.4,intranet,benigna,0,0
CX330,SEG_SERVIDORES,SEG_BASES,1433,tcp,11.7,13.8,13.6,50.9,consulta de base de datos,benigna,0,0
CX352,SEG_ADMIN,SEG_BASES,22,tcp,74.7,67.5,15.6,107.9,mantenimiento de base de datos,benigna,0,0
CX199,SEG_DMZ,SEG_SERVIDORES,443,tcp,99.7,96.9,11.2,56.0,retorno de servicios,benigna,0,0
CX560,SEG_ADMIN,SEG_BASES,22,tcp,51.9,37.7,9.1,219.0,mantenimiento de base de datos,benigna,0,0
CX355,SEG_SERVIDORES,SEG_BASES,1433,tcp,66.2,76.0,14.2,147.9,consulta de base de datos,benigna,0,0
CX251,SEG_USUARIOS,EXTERNO,443,tcp,28.8,60.7,12.6,65.6,navegación web,benigna,1,0
CX154,SEG_ADMIN,SEG_BASES,22,tcp,11.6,91.9,15.1,49.7,mantenimiento de base de datos,benigna,0,0
CX034,SEG_ADMIN,SEG_BASES,22,tcp,81.2,116.8,12.2,133.3,mantenimiento de base de datos,benigna,0,0
CX230,SEG_SERVIDORES,SEG_DMZ,443,tcp,46.1,36.7,12.8,200.7,publicación de servicios,benigna,0,0
CX278,SEG_SERVIDORES,EXTERNO,25,tcp,60.9,85.4,9.0,153.9,correo saliente,benigna,1,0
CX097,SEG_SERVIDORES,SEG_BASES,1433,tcp,41.8,22.1,15.2,64.9,consulta de base de datos,benigna,0,0
CX326,SEG_BASES,SEG_SERVIDORES,1433,tcp,47.6,98.8,14.6,110.7,respuesta de base de datos,benigna,0,0
CX281,SEG_USUARIOS,SEG_SERVIDORES,443,tcp,47.3,99.9,10.8,112.5,portal interno,benigna,0,0
CX390,SEG_SERVIDORES,SEG_DMZ,443,tcp,95.2,92.6,12.3,79.6,publicación de servicios,benigna,0,0
CX275,SEG_SERVIDORES,SEG_DMZ,443,tcp,4.6,55.0,13.6,139.7,publicación de servicios,benigna,0,0
CX224,SEG_SERVIDORES,SEG_SERVIDORES,22,tcp,79.7,141.7,9.9,86.3,administración remota,benigna,0,0
CX353,SEG_SERVIDORES,SEG_BASES,1433,tcp,85.6,62.6,11.9,51.7,consulta de base de datos,benigna,0,0
CX408,SEG_DMZ,EXTERNO,443,tcp,12.8,44.1,8.0,208.1,servicios publicados,benigna,1,0
CX345,SEG_USUARIOS,SEG_DMZ,443,tcp,44.5,79.5,15.2,44.1,correo web,benigna,0,0
CX172,SEG_ADMIN,SEG_BASES,22,tcp,59.8,61.7,12.5,97.3,mantenimiento de base de datos,benigna,0,0
CX219,SEG_USUARIOS,SEG_SERVIDORES,443,tcp,77.8,63.8,7.2,93.5,portal interno,benigna,0,0
CX517,SEG_PAGOS,SEG_SERVIDORES,443,tcp,3.4,138.5,13.9,80.3,conciliación de pagos,benigna,0,0
CX586,SEG_SERVIDORES,EXTERNO,5353,udp,1.2,640.0,23.4,3.0,sin servicio asociado,maliciosa,1,1
CX377,SEG_USUARIOS,SEG_SERVIDORES,443,tcp,58.4,32.1,16.1,16.7,portal interno,benigna,0,0
CX321,SEG_PAGOS,SEG_SERVIDORES,443,tcp,51.4,89.5,8.6,143.1,conciliación de pagos,benigna,0,0
CX285,SEG_USUARIOS,SEG_SERVIDORES,443,tcp,51.8,41.0,10.9,75.0,portal interno,benigna,0,0
CX306,SEG_USUARIOS,SEG_SERVIDORES,443,tcp,69.9,47.1,8.0,40.8,portal interno,benigna,0,0
CX105,SEG_DMZ,SEG_SERVIDORES,443,tcp,24.5,62.3,13.9,71.5,retorno de servicios,benigna,0,0
CX050,SEG_SERVIDORES,SEG_DMZ,443,tcp,18.0,68.8,13.9,57.4,publicación de servicios,benigna,0,0
CX273,SEG_SERVIDORES,SEG_BASES,1433,tcp,32.5,41.0,10.8,115.5,consulta de base de datos,benigna,0,0
CX089,SEG_USUARIOS,SEG_SERVIDORES,80,tcp,57.2,57.7,10.3,130.2,intranet,benigna,0,0
CX544,SEG_USUARIOS,SEG_SERVIDORES,445,tcp,70.6,15.6,11.6,137.6,carpeta compartida,benigna,0,0
CX286,SEG_SERVIDORES,SEG_DMZ,443,tcp,4.0,56.2,10.6,124.1,publicación de servicios,benigna,0,0
CX252,SEG_SERVIDORES,SEG_BASES,1433,tcp,74.0,26.6,11.9,74.5,consulta de base de datos,benigna,0,0
CX124,SEG_USUARIOS,SEG_DMZ,443,tcp,16.2,64.3,10.6,11.6,correo web,benigna,0,0
CX449,SEG_USUARIOS,SEG_SERVIDORES,445,tcp,93.5,16.8,15.2,169.1,carpeta compartida,benigna,0,0
CX393,SEG_DMZ,SEG_SERVIDORES,443,tcp,57.0,41.5,10.7,76.6,retorno de servicios,benigna,0,0
CX138,SEG_ADMIN,SEG_SERVIDORES,3389,tcp,52.9,106.8,13.7,148.0,escritorio remoto,benigna,0,0
CX567,SEG_SERVIDORES,EXTERNO,25,tcp,19.4,47.0,6.9,154.1,correo saliente,benigna,1,0
CX479,SEG_ADMIN,SEG_BASES,22,tcp,8.2,9.8,15.4,172.6,mantenimiento de base de datos,benigna,0,0
CX005,SEG_USUARIOS,EXTERNO,443,tcp,22.4,68.5,11.8,140.5,navegación web,benigna,1,0
CX515,SEG_USUARIOS,SEG_DMZ,443,tcp,72.0,117.8,11.5,77.1,correo web,benigna,0,0
CX328,SEG_SERVIDORES,EXTERNO,53,udp,54.0,51.2,10.4,135.9,consulta de nombres,benigna,1,0
CX145,SEG_BASES,SEG_SERVIDORES,1433,tcp,8.8,37.7,7.7,38.1,respuesta de base de datos,benigna,0,0
CX147,SEG_USUARIOS,SEG_SERVIDORES,445,tcp,26.7,52.8,10.0,33.5,carpeta compartida,benigna,0,0
CX062,SEG_USUARIOS,SEG_SERVIDORES,443,tcp,68.6,14.5,12.3,68.9,portal interno,benigna,0,0
CX471,SEG_USUARIOS,SEG_SERVIDORES,443,tcp,8.3,25.6,12.4,20.5,portal interno,benigna,0,0
CX531,SEG_SERVIDORES,SEG_SERVIDORES,22,tcp,70.3,67.1,16.5,118.7,administración remota,benigna,0,0
CX361,SEG_SERVIDORES,EXTERNO,25,tcp,71.0,50.4,13.9,40.7,correo saliente,benigna,1,0
CX144,SEG_USUARIOS,SEG_DMZ,443,tcp,103.6,87.9,17.0,72.7,correo web,benigna,0,0
CX208,SEG_ADMIN,SEG_SERVIDORES,3389,tcp,19.2,23.5,10.7,155.4,escritorio remoto,benigna,0,0
CX150,SEG_USUARIOS,SEG_DMZ,443,tcp,39.3,76.1,11.9,47.4,correo web,benigna,0,0
CX572,SEG_USUARIOS,SEG_SERVIDORES,445,tcp,45.8,34.3,12.3,50.8,carpeta compartida,benigna,0,0
CX297,SEG_USUARIOS,SEG_SERVIDORES,80,tcp,7.6,135.1,9.9,167.8,intranet,benigna,0,0
CX292,SEG_USUARIOS,SEG_SERVIDORES,445,tcp,60.7,49.9,11.1,86.0,carpeta compartida,benigna,0,0
CX184,SEG_SERVIDORES,SEG_BASES,1433,tcp,87.0,23.9,6.0,120.6,consulta de base de datos,benigna,0,0
CX577,SEG_USUARIOS,EXTERNO,8443,tcp,38.1,56.8,13.1,160.3,herramienta de colaboración sin trámite,benigna,1,1
CX202,SEG_SERVIDORES,SEG_DMZ,443,tcp,59.3,97.3,16.0,176.9,publicación de servicios,benigna,0,0
CX110,SEG_USUARIOS,SEG_SERVIDORES,80,tcp,3.7,96.4,14.9,30.0,intranet,benigna,0,0
CX370,SEG_SERVIDORES,SEG_SERVIDORES,22,tcp,17.4,48.9,11.3,169.6,administración remota,benigna,0,0
CX196,SEG_USUARIOS,SEG_SERVIDORES,443,tcp,40.8,48.0,7.0,120.4,portal interno,benigna,0,0
CX305,SEG_USUARIOS,SEG_SERVIDORES,80,tcp,64.3,168.4,14.2,124.5,intranet,benigna,0,0
CX600,SEG_SERVIDORES,SEG_BASES,3306,tcp,6.8,8.5,7.1,58.3,"migración concluida, sin uso",benigna,0,1
CX296,SEG_SERVIDORES,EXTERNO,53,udp,65.7,127.5,12.4,95.1,consulta de nombres,benigna,1,0
CX373,SEG_USUARIOS,SEG_SERVIDORES,445,tcp,69.9,82.4,14.0,66.7,carpeta compartida,benigna,0,0
CX545,SEG_SERVIDORES,EXTERNO,53,udp,45.6,46.9,13.8,56.8,consulta de nombres,benigna,1,0
CX454,SEG_ADMIN,SEG_SERVIDORES,3389,tcp,80.3,43.5,10.0,51.5,escritorio remoto,benigna,0,0
CX277,SEG_SERVIDORES,SEG_DMZ,443,tcp,30.4,105.5,8.2,118.8,publicación de servicios,benigna,0,0
CX441,SEG_USUARIOS,EXTERNO,443,tcp,45.8,6.5,5.3,5.5,navegación web,benigna,1,0
CX003,SEG_DMZ,EXTERNO,443,tcp,22.6,111.0,10.7,93.2,servicios publicados,benigna,1,0
CX579,SEG_USUARIOS,EXTERNO,8443,tcp,47.2,89.4,11.2,176.2,herramienta de colaboración sin trámite,benigna,1,1
CX211,SEG_DMZ,SEG_SERVIDORES,443,tcp,64.0,55.9,11.1,83.5,retorno de servicios,benigna,0,0
CX156,SEG_USUARIOS,SEG_SERVIDORES,80,tcp,57.1,50.3,15.8,37.5,intranet,benigna,0,0
CX055,SEG_ADMIN,SEG_BASES,22,tcp,31.4,68.7,10.1,98.7,mantenimiento de base de datos,benigna,0,0
CX096,SEG_ADMIN,SEG_SERVIDORES,3389,tcp,83.8,26.6,14.6,203.5,escritorio remoto,benigna,0,0
CX057,SEG_SERVIDORES,SEG_DMZ,443,tcp,22.3,97.9,12.0,22.3,publicación de servicios,benigna,0,0
CX596,SEG_SERVIDORES,SEG_BASES,5432,tcp,15.6,14.0,12.3,93.5,"migración concluida, sin uso",benigna,0,1
CX071,SEG_ADMIN,SEG_SERVIDORES,3389,tcp,46.3,94.9,14.0,108.1,escritorio remoto,benigna,0,0
CX347,SEG_BASES,SEG_SERVIDORES,1433,tcp,20.2,28.9,9.2,106.2,respuesta de base de datos,benigna,0,0
CX272,SEG_USUARIOS,SEG_SERVIDORES,80,tcp,30.9,63.4,7.4,147.3,intranet,benigna,0,0
CX435,SEG_USUARIOS,SEG_DMZ,443,tcp,36.2,91.6,14.8,26.0,correo web,benigna,0,0
CX200,SEG_SERVIDORES,SEG_BASES,1433,tcp,70.8,20.1,11.3,161.0,consulta de base de datos,benigna,0,0
CX463,SEG_SERVIDORES,SEG_SERVIDORES,22,tcp,85.5,43.5,12.9,118.4,administración remota,benigna,0,0
CX529,SEG_PAGOS,SEG_SERVIDORES,443,tcp,6.7,70.2,13.2,45.9,conciliación de pagos,benigna,0,0
CX149,SEG_USUARIOS,EXTERNO,443,tcp,21.9,29.7,10.2,66.8,navegación web,benigna,1,0
CX395,SEG_ADMIN,SEG_BASES,22,tcp,83.0,35.7,14.5,96.3,mantenimiento de base de datos,benigna,0,0
CX308,SEG_ADMIN,SEG_BASES,22,tcp,56.2,54.3,11.4,73.8,mantenimiento de base de datos,benigna,0,0
CX488,SEG_SERVIDORES,EXTERNO,53,udp,69.6,35.8,10.6,88.9,consulta de nombres,benigna,1,0
CX058,SEG_USUARIOS,SEG_DMZ,443,tcp,48.2,50.0,10.8,124.1,correo web,benigna,0,0
CX499,SEG_SERVIDORES,SEG_DMZ,443,tcp,39.0,59.7,14.3,38.7,publicación de servicios,benigna,0,0
CX054,SEG_SERVIDORES,SEG_BASES,1433,tcp,35.8,60.5,16.4,103.6,consulta de base de datos,benigna,0,0
CX192,SEG_ADMIN,SEG_BASES,22,tcp,57.9,84.4,12.9,144.8,mantenimiento de base de datos,benigna,0,0
CX465,SEG_BASES,SEG_SERVIDORES,1433,tcp,48.0,86.7,8.8,79.7,respuesta de base de datos,benigna,0,0
CX571,SEG_USUARIOS,SEG_SERVIDORES,80,tcp,80.1,107.2,11.6,180.9,intranet,benigna,0,0
CX299,SEG_SERVIDORES,EXTERNO,53,udp,16.3,83.6,6.5,164.6,consulta de nombres,benigna,1,0
CX459,SEG_USUARIOS,SEG_SERVIDORES,443,tcp,54.2,24.3,16.7,79.2,portal interno,benigna,0,0
CX550,SEG_BASES,SEG_SERVIDORES,1433,tcp,38.5,73.2,9.9,234.0,respuesta de base de datos,benigna,0,0
CX175,SEG_SERVIDORES,SEG_SERVIDORES,22,tcp,83.5,39.1,12.8,87.6,administración remota,benigna,0,0
CX040,SEG_DMZ,SEG_SERVIDORES,443,tcp,7.6,43.2,8.6,100.9,retorno de servicios,benigna,0,0
CX061,SEG_USUARIOS,SEG_DMZ,443,tcp,24.6,64.6,10.5,21.8,correo web,benigna,0,0
CX512,SEG_SERVIDORES,SEG_BASES,1433,tcp,43.1,66.2,13.7,43.3,consulta de base de datos,benigna,0,0
CX205,SEG_BASES,SEG_SERVIDORES,1433,tcp,25.7,65.0,16.4,147.5,respuesta de base de datos,benigna,0,0
CX130,SEG_BASES,SEG_SERVIDORES,1433,tcp,28.6,14.8,13.3,138.6,respuesta de base de datos,benigna,0,0
CX542,SEG_ADMIN,SEG_SERVIDORES,3389,tcp,51.6,29.8,15.3,87.5,escritorio remoto,benigna,0,0
CX430,SEG_ADMIN,SEG_SERVIDORES,3389,tcp,38.7,32.0,10.7,177.3,escritorio remoto,benigna,0,0
CX559,SEG_SERVIDORES,SEG_DMZ,443,tcp,40.2,43.1,17.4,43.7,publicación de servicios,benigna,0,0
CX045,SEG_SERVIDORES,SEG_SERVIDORES,22,tcp,37.7,26.3,16.5,155.2,administración remota,benigna,0,0
CX362,SEG_SERVIDORES,SEG_SERVIDORES,22,tcp,11.1,69.1,12.6,7.0,administración remota,benigna,0,0
CX388,SEG_SERVIDORES,SEG_SERVIDORES,22,tcp,57.0,69.6,13.4,36.9,administración remota,benigna,0,0
CX342,SEG_DMZ,SEG_SERVIDORES,443,tcp,52.4,18.2,11.8,212.0,retorno de servicios,benigna,0,0
CX576,SEG_SERVIDORES,SEG_SERVIDORES,22,tcp,109.0,105.3,10.8,107.9,administración remota,benigna,0,0
CX174,SEG_ADMIN,SEG_SERVIDORES,3389,tcp,101.2,114.5,17.2,109.6,escritorio remoto,benigna,0,0
CX241,SEG_DMZ,EXTERNO,443,tcp,38.5,133.7,10.7,77.6,servicios publicados,benigna,1,0
CX215,SEG_SERVIDORES,EXTERNO,25,tcp,9.0,46.8,13.2,94.7,correo saliente,benigna,1,0
CX523,SEG_DMZ,SEG_SERVIDORES,443,tcp,43.0,69.7,14.8,62.0,retorno de servicios,benigna,0,0
CX426,SEG_SERVIDORES,SEG_BASES,1433,tcp,21.2,43.5,9.4,71.2,consulta de base de datos,benigna,0,0
CX405,SEG_SERVIDORES,EXTERNO,53,udp,34.7,50.3,16.4,122.5,consulta de nombres,benigna,1,0
CX438,SEG_SERVIDORES,EXTERNO,53,udp,11.0,36.0,13.4,114.0,consulta de nombres,benigna,1,0
CX269,SEG_DMZ,SEG_SERVIDORES,443,tcp,52.8,8.7,10.5,68.7,retorno de servicios,benigna,0,0
CX414,SEG_BASES,SEG_SERVIDORES,1433,tcp,15.1,72.0,14.6,18.9,respuesta de base de datos,benigna,0,0
CX508,SEG_ADMIN,SEG_BASES,22,tcp,16.7,57.6,9.3,51.6,mantenimiento de base de datos,benigna,0,0
CX180,SEG_ADMIN,SEG_BASES,22,tcp,110.6,49.3,8.9,170.2,mantenimiento de base de datos,benigna,0,0
CX392,SEG_SERVIDORES,EXTERNO,53,udp,106.4,60.8,13.4,48.9,consulta de nombres,benigna,1,0
CX518,SEG_USUARIOS,SEG_SERVIDORES,80,tcp,39.0,48.9,16.0,70.2,intranet,benigna,0,0
CX140,SEG_USUARIOS,SEG_SERVIDORES,443,tcp,21.1,68.8,13.3,85.6,portal interno,benigna,0,0
CX010,SEG_USUARIOS,SEG_SERVIDORES,445,tcp,39.1,84.4,15.9,107.2,carpeta compartida,benigna,0,0
CX399,SEG_USUARIOS,EXTERNO,443,tcp,56.3,28.2,9.4,174.1,navegación web,benigna,1,0
CX007,SEG_SERVIDORES,EXTERNO,53,udp,33.6,85.9,7.9,90.9,consulta de nombres,benigna,1,0
CX218,SEG_USUARIOS,SEG_SERVIDORES,80,tcp,24.4,145.4,14.2,104.8,intranet,benigna,0,0
CX406,SEG_SERVIDORES,SEG_BASES,1433,tcp,60.3,63.9,11.8,75.0,consulta de base de datos,benigna,0,0
CX456,SEG_SERVIDORES,EXTERNO,53,udp,39.7,66.4,14.7,92.0,consulta de nombres,benigna,1,0
CX231,SEG_DMZ,EXTERNO,443,tcp,24.6,43.3,13.5,94.5,servicios publicados,benigna,1,0
CX348,SEG_USUARIOS,SEG_SERVIDORES,443,tcp,60.1,58.1,13.8,142.0,portal interno,benigna,0,0
CX325,SEG_PAGOS,SEG_SERVIDORES,443,tcp,47.2,57.1,14.5,77.2,conciliación de pagos,benigna,0,0
CX468,SEG_DMZ,EXTERNO,443,tcp,57.6,38.1,13.9,232.5,servicios publicados,benigna,1,0
CX084,SEG_USUARIOS,SEG_SERVIDORES,80,tcp,54.9,56.5,7.9,159.5,intranet,benigna,0,0
CX424,SEG_USUARIOS,SEG_SERVIDORES,445,tcp,81.0,67.0,10.0,166.8,carpeta compartida,benigna,0,0
CX425,SEG_USUARIOS,EXTERNO,443,tcp,76.3,55.5,16.5,57.2,navegación web,benigna,1,0
CX349,SEG_USUARIOS,EXTERNO,443,tcp,65.3,95.2,11.3,89.6,navegación web,benigna,1,0
CX100,SEG_USUARIOS,SEG_DMZ,443,tcp,63.2,43.3,12.1,68.3,correo web,benigna,0,0
CX125,SEG_BASES,SEG_SERVIDORES,1433,tcp,21.4,31.6,7.6,97.4,respuesta de base de datos,benigna,0,0
CX220,SEG_SERVIDORES,EXTERNO,25,tcp,28.2,115.0,12.3,85.2,correo saliente,benigna,1,0
CX401,SEG_SERVIDORES,SEG_DMZ,443,tcp,36.9,94.9,9.5,122.3,publicación de servicios,benigna,0,0
CX088,SEG_SERVIDORES,EXTERNO,25,tcp,99.1,55.3,11.6,105.7,correo saliente,benigna,1,0
CX569,SEG_USUARIOS,EXTERNO,443,tcp,56.1,95.5,14.8,150.8,navegación web,benigna,1,0
CX248,SEG_SERVIDORES,SEG_DMZ,443,tcp,31.7,51.2,16.1,51.3,publicación de servicios,benigna,0,0
CX418,SEG_ADMIN,SEG_SERVIDORES,3389,tcp,69.7,46.1,11.4,140.9,escritorio remoto,benigna,0,0
CX131,SEG_DMZ,SEG_SERVIDORES,443,tcp,29.1,54.3,12.8,66.1,retorno de servicios,benigna,0,0
CX075,SEG_USUARIOS,SEG_SERVIDORES,80,tcp,78.2,90.5,11.9,84.5,intranet,benigna,0,0
CX137,SEG_SERVIDORES,SEG_SERVIDORES,22,tcp,33.9,27.1,13.7,93.2,administración remota,benigna,0,0
CX589,SEG_SERVIDORES,SEG_BASES,3306,tcp,17.9,13.9,14.6,73.2,"migración concluida, sin uso",benigna,0,1
CX017,SEG_SERVIDORES,SEG_SERVIDORES,22,tcp,73.1,20.0,13.3,109.2,administración remota,benigna,0,0
CX114,SEG_ADMIN,SEG_BASES,22,tcp,18.5,40.1,12.4,165.2,mantenimiento de base de datos,benigna,0,0
CX008,SEG_DMZ,EXTERNO,443,tcp,86.1,78.2,11.4,114.7,servicios publicados,benigna,1,0
CX528,SEG_DMZ,EXTERNO,443,tcp,6.4,122.7,8.3,208.5,servicios publicados,benigna,1,0
CX411,SEG_SERVIDORES,SEG_DMZ,443,tcp,30.4,86.0,15.3,94.5,publicación de servicios,benigna,0,0
CX170,SEG_DMZ,EXTERNO,443,tcp,40.5,77.8,16.3,103.8,servicios publicados,benigna,1,0
CX446,SEG_SERVIDORES,EXTERNO,53,udp,15.0,3.6,12.9,152.2,consulta de nombres,benigna,1,0
CX068,SEG_USUARIOS,SEG_SERVIDORES,80,tcp,23.0,111.2,13.5,64.6,intranet,benigna,0,0
CX514,SEG_USUARIOS,SEG_DMZ,443,tcp,49.5,82.8,10.1,32.2,correo web,benigna,0,0
CX433,SEG_PAGOS,SEG_SERVIDORES,443,tcp,21.8,78.6,11.4,145.7,conciliación de pagos,benigna,0,0
CX271,SEG_SERVIDORES,SEG_SERVIDORES,22,tcp,30.9,95.2,13.2,72.8,administración remota,benigna,0,0
CX267,SEG_DMZ,EXTERNO,443,tcp,6.9,23.7,10.4,18.2,servicios publicados,benigna,1,0
CX254,SEG_USUARIOS,EXTERNO,443,tcp,51.1,149.1,10.7,128.8,navegación web,benigna,1,0
CX222,SEG_USUARIOS,SEG_SERVIDORES,445,tcp,74.7,56.6,14.1,130.5,carpeta compartida,benigna,0,0
CX397,SEG_SERVIDORES,SEG_SERVIDORES,22,tcp,75.6,119.6,11.7,158.6,administración remota,benigna,0,0
CX543,SEG_DMZ,SEG_SERVIDORES,443,tcp,62.3,28.6,6.2,165.3,retorno de servicios,benigna,0,0
CX534,SEG_DMZ,EXTERNO,443,tcp,22.8,41.8,13.0,28.8,servicios publicados,benigna,1,0
CX407,SEG_ADMIN,SEG_SERVIDORES,3389,tcp,67.1,30.7,9.1,92.6,escritorio remoto,benigna,0,0
CX443,SEG_SERVIDORES,SEG_SERVIDORES,22,tcp,62.7,65.4,11.5,88.6,administración remota,benigna,0,0
CX279,SEG_USUARIOS,SEG_DMZ,443,tcp,62.5,5.2,16.8,106.8,correo web,benigna,0,0
CX189,SEG_USUARIOS,SEG_SERVIDORES,80,tcp,67.3,49.4,14.9,177.2,intranet,benigna,0,0
CX522,SEG_PAGOS,SEG_SERVIDORES,443,tcp,50.7,59.7,10.5,12.6,conciliación de pagos,benigna,0,0
CX244,SEG_USUARIOS,SEG_SERVIDORES,443,tcp,59.2,63.8,10.0,151.5,portal interno,benigna,0,0
CX496,SEG_USUARIOS,SEG_SERVIDORES,443,tcp,55.2,59.5,11.1,85.5,portal interno,benigna,0,0
CX221,SEG_SERVIDORES,SEG_SERVIDORES,22,tcp,20.9,5.9,8.3,101.6,administración remota,benigna,0,0
CX394,SEG_ADMIN,SEG_BASES,22,tcp,49.7,77.4,10.8,86.4,mantenimiento de base de datos,benigna,0,0
CX582,SEG_SERVIDORES,EXTERNO,443,tcp,1250.0,1.0,2.0,640.0,"planilla, pago de salarios",benigna,1,0
CX021,SEG_USUARIOS,SEG_SERVIDORES,80,tcp,56.5,81.7,12.1,51.5,intranet,benigna,0,0
CX503,SEG_DMZ,SEG_SERVIDORES,443,tcp,74.9,58.6,10.3,110.8,retorno de servicios,benigna,0,0
CX413,SEG_ADMIN,SEG_BASES,22,tcp,76.8,75.6,12.9,84.2,mantenimiento de base de datos,benigna,0,0
CX366,SEG_SERVIDORES,SEG_DMZ,443,tcp,41.1,35.0,13.4,193.8,publicación de servicios,benigna,0,0
CX288,SEG_SERVIDORES,SEG_BASES,1433,tcp,67.3,93.6,11.8,149.8,consulta de base de datos,benigna,0,0
CX431,SEG_SERVIDORES,SEG_DMZ,443,tcp,61.0,18.5,11.6,79.3,publicación de servicios,benigna,0,0
CX118,SEG_SERVIDORES,SEG_SERVIDORES,22,tcp,45.4,119.1,9.7,227.8,administración remota,benigna,0,0
CX541,SEG_SERVIDORES,EXTERNO,53,udp,10.3,113.5,12.1,139.5,consulta de nombres,benigna,1,0
CX204,SEG_USUARIOS,SEG_SERVIDORES,443,tcp,8.0,63.3,13.9,111.0,portal interno,benigna,0,0
CX263,SEG_DMZ,EXTERNO,443,tcp,37.9,61.8,19.6,80.9,servicios publicados,benigna,1,0
CX357,SEG_SERVIDORES,SEG_DMZ,443,tcp,50.8,19.4,17.1,104.3,publicación de servicios,benigna,0,0
CX106,SEG_SERVIDORES,SEG_SERVIDORES,22,tcp,41.0,86.4,12.2,78.7,administración remota,benigna,0,0
CX458,SEG_USUARIOS,SEG_SERVIDORES,445,tcp,52.6,15.7,9.8,119.6,carpeta compartida,benigna,0,0
CX201,SEG_ADMIN,SEG_SERVIDORES,3389,tcp,53.5,35.9,5.9,156.6,escritorio remoto,benigna,0,0
CX590,SEG_SERVIDORES,SEG_BASES,1521,tcp,13.5,12.0,9.2,101.3,"migración concluida, sin uso",benigna,0,1
CX461,SEG_SERVIDORES,EXTERNO,53,udp,18.1,96.9,8.5,71.4,consulta de nombres,benigna,1,0
CX316,SEG_BASES,SEG_SERVIDORES,1433,tcp,15.4,20.9,11.1,126.3,respuesta de base de datos,benigna,0,0
CX087,SEG_SERVIDORES,SEG_SERVIDORES,22,tcp,39.8,33.5,16.3,91.4,administración remota,benigna,0,0
CX527,SEG_USUARIOS,SEG_SERVIDORES,445,tcp,77.7,94.7,9.7,144.2,carpeta compartida,benigna,0,0
CX312,SEG_ADMIN,SEG_SERVIDORES,3389,tcp,79.5,33.7,10.9,120.8,escritorio remoto,benigna,0,0
CX256,SEG_USUARIOS,EXTERNO,443,tcp,56.2,48.4,8.3,48.4,navegación web,benigna,1,0
CX163,SEG_ADMIN,SEG_BASES,22,tcp,14.6,78.7,10.2,27.3,mantenimiento de base de datos,benigna,0,0
CX317,SEG_SERVIDORES,SEG_DMZ,443,tcp,9.2,48.2,9.5,47.7,publicación de servicios,benigna,0,0
CX136,SEG_BASES,SEG_SERVIDORES,1433,tcp,64.2,44.2,14.0,118.0,respuesta de base de datos,benigna,0,0
CX116,SEG_SERVIDORES,EXTERNO,53,udp,31.0,27.9,14.4,92.9,consulta de nombres,benigna,1,0
CX422,SEG_ADMIN,SEG_SERVIDORES,3389,tcp,90.2,88.0,5.4,127.4,escritorio remoto,benigna,0,0
CX360,SEG_SERVIDORES,EXTERNO,25,tcp,74.9,31.2,13.1,84.1,correo saliente,benigna,1,0
CX493,SEG_USUARIOS,SEG_SERVIDORES,443,tcp,93.4,56.7,11.8,105.9,portal interno,benigna,0,0
CX369,SEG_SERVIDORES,EXTERNO,53,udp,30.3,21.9,10.4,98.7,consulta de nombres,benigna,1,0
CX022,SEG_SERVIDORES,SEG_BASES,1433,tcp,53.2,89.3,9.4,98.7,consulta de base de datos,benigna,0,0
CX015,SEG_DMZ,SEG_SERVIDORES,443,tcp,10.9,61.3,15.6,59.0,retorno de servicios,benigna,0,0
CX379,SEG_BASES,SEG_SERVIDORES,1433,tcp,3.8,93.4,8.5,121.7,respuesta de base de datos,benigna,0,0
CX185,SEG_SERVIDORES,SEG_DMZ,443,tcp,12.8,3.0,15.6,24.7,publicación de servicios,benigna,0,0
CX376,SEG_DMZ,SEG_SERVIDORES,443,tcp,92.4,74.6,14.2,85.8,retorno de servicios,benigna,0,0
CX289,SEG_SERVIDORES,SEG_DMZ,443,tcp,4.3,61.3,16.7,132.9,publicación de servicios,benigna,0,0
CX099,SEG_USUARIOS,EXTERNO,443,tcp,55.7,26.8,6.1,121.1,navegación web,benigna,1,0
CX535,SEG_SERVIDORES,SEG_SERVIDORES,22,tcp,24.8,64.6,8.4,193.2,administración remota,benigna,0,0
CX093,SEG_SERVIDORES,EXTERNO,25,tcp,78.1,75.0,12.5,134.7,correo saliente,benigna,1,0
CX432,SEG_USUARIOS,SEG_SERVIDORES,443,tcp,45.0,78.4,13.0,19.0,portal interno,benigna,0,0
CX095,SEG_SERVIDORES,SEG_SERVIDORES,22,tcp,31.7,4.1,8.5,15.5,administración remota,benigna,0,0
CX032,SEG_PAGOS,SEG_SERVIDORES,443,tcp,14.5,126.5,9.1,118.6,conciliación de pagos,benigna,0,0
CX240,SEG_SERVIDORES,EXTERNO,25,tcp,47.6,7.7,10.0,185.5,correo saliente,benigna,1,0
CX298,SEG_USUARIOS,EXTERNO,443,tcp,62.3,89.1,7.0,25.5,navegación web,benigna,1,0
CX203,SEG_SERVIDORES,SEG_BASES,1433,tcp,41.4,21.7,13.8,87.5,consulta de base de datos,benigna,0,0
CX302,SEG_USUARIOS,SEG_SERVIDORES,80,tcp,24.5,93.0,10.8,86.3,intranet,benigna,0,0
CX358,SEG_DMZ,SEG_SERVIDORES,443,tcp,12.2,56.3,11.6,54.3,retorno de servicios,benigna,0,0
CX176,SEG_PAGOS,SEG_SERVIDORES,443,tcp,67.1,60.8,12.3,72.5,conciliación de pagos,benigna,0,0
CX557,SEG_PAGOS,SEG_SERVIDORES,443,tcp,24.6,79.1,15.3,131.3,conciliación de pagos,benigna,0,0
CX129,SEG_USUARIOS,SEG_DMZ,443,tcp,48.2,37.7,8.3,224.5,correo web,benigna,0,0
CX166,SEG_SERVIDORES,EXTERNO,25,tcp,2.4,39.1,14.1,57.1,correo saliente,benigna,1,0
CX026,SEG_USUARIOS,SEG_DMZ,443,tcp,35.5,39.1,16.8,93.6,correo web,benigna,0,0
CX151,SEG_USUARIOS,EXTERNO,443,tcp,86.9,44.8,12.3,82.3,navegación web,benigna,1,0
CX107,SEG_USUARIOS,SEG_SERVIDORES,443,tcp,5.6,33.7,7.2,16.9,portal interno,benigna,0,0
CX012,SEG_SERVIDORES,EXTERNO,53,udp,6.5,78.6,15.6,183.8,consulta de nombres,benigna,1,0
CX546,SEG_USUARIOS,SEG_SERVIDORES,80,tcp,4.6,55.2,10.5,169.7,intranet,benigna,0,0
CX181,SEG_SERVIDORES,EXTERNO,53,udp,32.3,141.8,13.7,160.9,consulta de nombres,benigna,1,0
CX122,SEG_ADMIN,SEG_BASES,22,tcp,111.6,90.4,7.4,95.8,mantenimiento de base de datos,benigna,0,0
CX597,SEG_SERVIDORES,SEG_BASES,5432,tcp,11.7,16.9,8.4,85.0,"migración concluida, sin uso",benigna,0,1
CX403,SEG_SERVIDORES,SEG_BASES,1433,tcp,26.3,27.0,12.3,88.3,consulta de base de datos,benigna,0,0
CX562,SEG_DMZ,EXTERNO,443,tcp,45.3,103.3,16.6,114.1,servicios publicados,benigna,1,0
CX310,SEG_USUARIOS,EXTERNO,443,tcp,15.9,41.2,7.1,50.8,navegación web,benigna,1,0
CX318,SEG_SERVIDORES,SEG_BASES,1433,tcp,42.8,70.6,14.0,82.8,consulta de base de datos,benigna,0,0
CX072,SEG_BASES,SEG_SERVIDORES,1433,tcp,86.2,118.4,4.6,52.3,respuesta de base de datos,benigna,0,0
CX450,SEG_SERVIDORES,SEG_BASES,1433,tcp,10.0,50.1,11.2,109.2,consulta de base de datos,benigna,0,0
CX283,SEG_SERVIDORES,EXTERNO,25,tcp,115.2,49.7,11.4,94.9,correo saliente,benigna,1,0
CX396,SEG_DMZ,EXTERNO,443,tcp,48.0,67.8,15.2,40.1,servicios publicados,benigna,1,0
CX489,SEG_DMZ,SEG_SERVIDORES,443,tcp,17.4,95.0,9.8,28.7,retorno de servicios,benigna,0,0
CX452,SEG_USUARIOS,SEG_SERVIDORES,445,tcp,3.0,36.6,12.2,185.4,carpeta compartida,benigna,0,0
CX420,SEG_DMZ,SEG_SERVIDORES,443,tcp,76.0,40.6,13.0,57.4,retorno de servicios,benigna,0,0
CX260,SEG_DMZ,SEG_SERVIDORES,443,tcp,39.2,97.3,11.5,76.4,retorno de servicios,benigna,0,0
CX540,SEG_PAGOS,SEG_SERVIDORES,443,tcp,47.9,105.8,9.1,95.4,conciliación de pagos,benigna,0,0
CX516,SEG_SERVIDORES,SEG_SERVIDORES,22,tcp,44.1,62.4,13.0,161.4,administración remota,benigna,0,0
CX350,SEG_PAGOS,SEG_SERVIDORES,443,tcp,1.9,61.1,14.6,56.6,conciliación de pagos,benigna,0,0
CX448,SEG_DMZ,SEG_SERVIDORES,443,tcp,39.6,56.9,13.9,79.8,retorno de servicios,benigna,0,0
CX524,SEG_SERVIDORES,EXTERNO,25,tcp,33.2,81.4,14.9,159.8,correo saliente,benigna,1,0
CX301,SEG_USUARIOS,SEG_SERVIDORES,80,tcp,57.9,51.5,8.4,44.7,intranet,benigna,0,0
CX102,SEG_SERVIDORES,EXTERNO,53,udp,64.7,82.5,10.7,36.6,consulta de nombres,benigna,1,0
CX359,SEG_SERVIDORES,EXTERNO,25,tcp,4.9,36.0,16.2,84.7,correo saliente,benigna,1,0
CX056,SEG_USUARIOS,SEG_SERVIDORES,80,tcp,79.2,86.3,14.6,45.0,intranet,benigna,0,0
CX069,SEG_DMZ,EXTERNO,443,tcp,9.1,48.2,11.8,47.8,servicios publicados,benigna,1,0
CX042,SEG_SERVIDORES,SEG_BASES,1433,tcp,66.3,146.6,8.7,124.5,consulta de base de datos,benigna,0,0
CX086,SEG_USUARIOS,SEG_DMZ,443,tcp,41.3,10.5,11.1,78.2,correo web,benigna,0,0
CX402,SEG_USUARIOS,SEG_SERVIDORES,80,tcp,44.1,83.7,12.2,75.1,intranet,benigna,0,0
CX135,SEG_ADMIN,SEG_BASES,22,tcp,83.6,47.5,13.0,154.7,mantenimiento de base de datos,benigna,0,0
CX197,SEG_SERVIDORES,EXTERNO,53,udp,48.3,43.5,17.5,63.5,consulta de nombres,benigna,1,0
CX341,SEG_ADMIN,SEG_SERVIDORES,3389,tcp,11.4,100.2,11.9,125.9,escritorio remoto,benigna,0,0
CX217,SEG_SERVIDORES,SEG_BASES,1433,tcp,1.2,70.6,7.6,181.6,consulta de base de datos,benigna,0,0
CX477,SEG_SERVIDORES,EXTERNO,53,udp,62.8,84.4,9.9,114.4,consulta de nombres,benigna,1,0
CX506,SEG_USUARIOS,EXTERNO,443,tcp,64.4,39.2,11.8,119.8,navegación web,benigna,1,0
CX587,SEG_SERVIDORES,SEG_BASES,5432,tcp,7.9,12.6,9.4,84.7,"migración concluida, sin uso",benigna,0,1
CX521,SEG_SERVIDORES,SEG_SERVIDORES,22,tcp,43.3,27.0,10.7,164.1,administración remota,benigna,0,0
CX354,SEG_DMZ,EXTERNO,443,tcp,24.0,74.3,6.6,78.7,servicios publicados,benigna,1,0
CX484,SEG_SERVIDORES,SEG_BASES,1433,tcp,14.7,7.7,11.5,23.9,consulta de base de datos,benigna,0,0
CX309,SEG_DMZ,EXTERNO,443,tcp,28.7,68.3,15.6,79.0,servicios publicados,benigna,1,0
CX268,SEG_DMZ,SEG_SERVIDORES,443,tcp,3.6,69.7,12.1,110.4,retorno de servicios,benigna,0,0
CX013,SEG_BASES,SEG_SERVIDORES,1433,tcp,90.9,97.4,19.9,142.2,respuesta de base de datos,benigna,0,0
CX063,SEG_SERVIDORES,EXTERNO,53,udp,68.5,111.7,8.0,107.1,consulta de nombres,benigna,1,0
CX171,SEG_USUARIOS,EXTERNO,443,tcp,21.8,101.7,10.3,100.2,navegación web,benigna,1,0
CX182,SEG_PAGOS,SEG_SERVIDORES,443,tcp,21.4,83.1,7.6,57.9,conciliación de pagos,benigna,0,0
CX193,SEG_USUARIOS,SEG_DMZ,443,tcp,54.7,104.2,14.9,100.3,correo web,benigna,0,0
CX190,SEG_BASES,SEG_SERVIDORES,1433,tcp,56.6,4.3,11.7,120.7,respuesta de base de datos,benigna,0,0
CX113,SEG_SERVIDORES,EXTERNO,53,udp,74.8,119.1,18.5,118.0,consulta de nombres,benigna,1,0
CX103,SEG_SERVIDORES,EXTERNO,53,udp,77.8,102.6,11.1,94.8,consulta de nombres,benigna,1,0
CX078,SEG_SERVIDORES,EXTERNO,25,tcp,122.9,92.8,10.5,143.2,correo saliente,benigna,1,0
CX191,SEG_PAGOS,SEG_SERVIDORES,443,tcp,54.0,120.0,10.0,35.4,conciliación de pagos,benigna,0,0
CX476,SEG_SERVIDORES,SEG_BASES,1433,tcp,38.1,74.8,12.8,102.3,consulta de base de datos,benigna,0,0
CX053,SEG_USUARIOS,SEG_SERVIDORES,443,tcp,56.7,58.9,16.8,58.0,portal interno,benigna,0,0
CX029,SEG_SERVIDORES,SEG_BASES,1433,tcp,58.6,105.1,8.7,189.7,consulta de base de datos,benigna,0,0
CX066,SEG_USUARIOS,EXTERNO,443,tcp,22.4,103.6,10.6,136.6,navegación web,benigna,1,0
CX416,SEG_ADMIN,SEG_BASES,22,tcp,2.8,21.7,6.0,130.7,mantenimiento de base de datos,benigna,0,0
CX291,SEG_SERVIDORES,EXTERNO,53,udp,18.2,33.2,14.6,170.9,consulta de nombres,benigna,1,0
CX480,SEG_USUARIOS,EXTERNO,443,tcp,52.0,37.4,8.8,120.4,navegación web,benigna,1,0
CX083,SEG_USUARIOS,SEG_SERVIDORES,80,tcp,40.7,41.5,14.7,19.6,intranet,benigna,0,0
CX460,SEG_USUARIOS,SEG_DMZ,443,tcp,36.0,28.4,13.8,114.5,correo web,benigna,0,0
CX160,SEG_DMZ,SEG_SERVIDORES,443,tcp,41.1,89.2,9.2,170.5,retorno de servicios,benigna,0,0
CX340,SEG_BASES,SEG_SERVIDORES,1433,tcp,60.3,43.3,15.7,139.5,respuesta de base de datos,benigna,0,0
CX245,SEG_BASES,SEG_SERVIDORES,1433,tcp,65.3,19.9,12.3,171.8,respuesta de base de datos,benigna,0,0
CX537,SEG_USUARIOS,SEG_DMZ,443,tcp,8.0,35.2,14.8,92.4,correo web,benigna,0,0
CX581,SEG_USUARIOS,EXTERNO,8443,tcp,31.8,57.5,9.7,174.1,herramienta de colaboración sin trámite,benigna,1,1
CX127,SEG_PAGOS,SEG_SERVIDORES,443,tcp,61.3,67.4,7.5,97.9,conciliación de pagos,benigna,0,0
CX233,SEG_ADMIN,SEG_BASES,22,tcp,32.7,99.6,13.3,141.5,mantenimiento de base de datos,benigna,0,0
CX212,SEG_USUARIOS,SEG_SERVIDORES,445,tcp,26.0,7.2,13.3,110.4,carpeta compartida,benigna,0,0
CX428,SEG_USUARIOS,SEG_SERVIDORES,443,tcp,27.7,75.9,11.7,63.0,portal interno,benigna,0,0
CX293,SEG_USUARIOS,EXTERNO,443,tcp,9.1,52.4,7.7,153.5,navegación web,benigna,1,0
CX213,SEG_SERVIDORES,SEG_DMZ,443,tcp,27.3,20.1,9.8,180.1,publicación de servicios,benigna,0,0
CX478,SEG_DMZ,EXTERNO,443,tcp,61.0,13.7,18.8,81.1,servicios publicados,benigna,1,0
CX104,SEG_USUARIOS,SEG_SERVIDORES,80,tcp,45.1,70.4,15.8,54.6,intranet,benigna,0,0
CX445,SEG_USUARIOS,SEG_SERVIDORES,443,tcp,34.0,48.6,12.2,49.8,portal interno,benigna,0,0
CX323,SEG_USUARIOS,SEG_SERVIDORES,445,tcp,66.7,119.8,6.9,87.2,carpeta compartida,benigna,0,0
CX538,SEG_USUARIOS,SEG_SERVIDORES,445,tcp,46.8,54.2,10.3,83.4,carpeta compartida,benigna,0,0
CX009,SEG_SERVIDORES,SEG_BASES,1433,tcp,2.3,77.0,9.2,65.9,consulta de base de datos,benigna,0,0
CX259,SEG_SERVIDORES,SEG_DMZ,443,tcp,70.2,36.6,17.6,198.7,publicación de servicios,benigna,0,0
CX229,SEG_USUARIOS,EXTERNO,443,tcp,18.0,31.0,11.1,40.8,navegación web,benigna,1,0
CX238,SEG_SERVIDORES,EXTERNO,53,udp,18.5,38.9,12.8,22.5,consulta de nombres,benigna,1,0
CX552,SEG_SERVIDORES,SEG_BASES,1433,tcp,45.6,77.0,15.3,34.8,consulta de base de datos,benigna,0,0
CX183,SEG_SERVIDORES,EXTERNO,25,tcp,70.1,96.2,12.4,38.9,correo saliente,benigna,1,0
CX495,SEG_BASES,SEG_SERVIDORES,1433,tcp,33.0,88.1,12.8,16.5,respuesta de base de datos,benigna,0,0
CX198,SEG_USUARIOS,SEG_DMZ,443,tcp,18.0,41.3,13.4,228.4,correo web,benigna,0,0
CX282,SEG_ADMIN,SEG_BASES,22,tcp,37.5,21.6,10.8,16.8,mantenimiento de base de datos,benigna,0,0
CX391,SEG_USUARIOS,SEG_SERVIDORES,80,tcp,60.2,86.4,8.7,90.3,intranet,benigna,0,0
CX575,SEG_SERVIDORES,EXTERNO,25,tcp,47.9,92.9,12.7,135.4,correo saliente,benigna,1,0
CX533,SEG_ADMIN,SEG_SERVIDORES,3389,tcp,5.1,43.7,8.7,85.7,escritorio remoto,benigna,0,0
CX473,SEG_PAGOS,SEG_SERVIDORES,443,tcp,31.4,48.4,7.0,103.4,conciliación de pagos,benigna,0,0
CX051,SEG_SERVIDORES,EXTERNO,25,tcp,11.6,72.5,13.8,113.5,correo saliente,benigna,1,0
CX188,SEG_DMZ,EXTERNO,443,tcp,33.3,73.5,11.5,80.5,servicios publicados,benigna,1,0
CX165,SEG_USUARIOS,SEG_DMZ,443,tcp,23.2,62.2,10.1,109.5,correo web,benigna,0,0
CX023,SEG_DMZ,EXTERNO,443,tcp,77.8,132.1,12.5,15.0,servicios publicados,benigna,1,0
CX319,SEG_SERVIDORES,EXTERNO,25,tcp,78.3,107.1,9.4,143.5,correo saliente,benigna,1,0
CX235,SEG_BASES,SEG_SERVIDORES,1433,tcp,50.6,49.1,10.3,23.7,respuesta de base de datos,benigna,0,0
CX169,SEG_ADMIN,SEG_BASES,22,tcp,55.3,70.2,8.6,95.8,mantenimiento de base de datos,benigna,0,0
CX574,SEG_BASES,SEG_SERVIDORES,1433,tcp,13.3,110.3,10.9,104.4,respuesta de base de datos,benigna,0,0
CX070,SEG_USUARIOS,SEG_SERVIDORES,443,tcp,25.8,41.9,12.5,115.7,portal interno,benigna,0,0
CX187,SEG_USUARIOS,SEG_SERVIDORES,80,tcp,25.3,42.9,16.9,152.0,intranet,benigna,0,0
CX483,SEG_SERVIDORES,SEG_DMZ,443,tcp,57.7,98.3,11.6,70.9,publicación de servicios,benigna,0,0
CX485,SEG_USUARIOS,SEG_DMZ,443,tcp,44.2,81.1,11.0,99.9,correo web,benigna,0,0
CX356,SEG_ADMIN,SEG_BASES,22,tcp,9.4,12.2,10.0,47.0,mantenimiento de base de datos,benigna,0,0
CX206,SEG_SERVIDORES,SEG_DMZ,443,tcp,23.1,82.3,10.8,93.8,publicación de servicios,benigna,0,0
CX152,SEG_BASES,SEG_SERVIDORES,1433,tcp,56.8,14.4,15.5,134.8,respuesta de base de datos,benigna,0,0
CX492,SEG_ADMIN,SEG_SERVIDORES,3389,tcp,57.0,155.6,6.6,104.7,escritorio remoto,benigna,0,0
CX437,SEG_USUARIOS,SEG_SERVIDORES,80,tcp,36.0,26.5,19.5,196.3,intranet,benigna,0,0
CX030,SEG_USUARIOS,SEG_SERVIDORES,80,tcp,37.3,79.7,16.9,33.8,intranet,benigna,0,0
CX595,SEG_SERVIDORES,SEG_BASES,5432,tcp,14.3,11.1,10.2,46.6,"migración concluida, sin uso",benigna,0,1
CX239,SEG_USUARIOS,EXTERNO,443,tcp,53.0,6.6,13.0,70.7,navegación web,benigna,1,0
CX162,SEG_USUARIOS,SEG_SERVIDORES,445,tcp,46.8,123.7,11.2,99.3,carpeta compartida,benigna,0,0
CX566,SEG_USUARIOS,SEG_SERVIDORES,443,tcp,27.3,21.4,11.8,134.6,portal interno,benigna,0,0
CX382,SEG_USUARIOS,SEG_SERVIDORES,80,tcp,65.3,11.4,14.4,164.8,intranet,benigna,0,0
CX367,SEG_SERVIDORES,SEG_SERVIDORES,22,tcp,41.1,34.7,11.7,131.6,administración remota,benigna,0,0
CX324,SEG_DMZ,SEG_SERVIDORES,443,tcp,77.3,62.9,14.4,135.9,retorno de servicios,benigna,0,0
CX117,SEG_PAGOS,SEG_SERVIDORES,443,tcp,49.9,74.8,19.5,116.7,conciliación de pagos,benigna,0,0
CX343,SEG_DMZ,SEG_SERVIDORES,443,tcp,83.4,101.7,6.4,223.1,retorno de servicios,benigna,0,0
CX258,SEG_ADMIN,SEG_BASES,22,tcp,104.6,53.3,11.8,126.0,mantenimiento de base de datos,benigna,0,0
CX380,SEG_PAGOS,SEG_SERVIDORES,443,tcp,59.5,6.2,7.8,150.6,conciliación de pagos,benigna,0,0
CX427,SEG_SERVIDORES,SEG_DMZ,443,tcp,69.2,60.4,11.3,41.7,publicación de servicios,benigna,0,0
CX500,SEG_USUARIOS,SEG_SERVIDORES,443,tcp,87.1,35.6,14.9,138.1,portal interno,benigna,0,0
CX047,SEG_USUARIOS,SEG_SERVIDORES,445,tcp,65.2,125.8,9.1,137.7,carpeta compartida,benigna,0,0
CX004,SEG_SERVIDORES,SEG_SERVIDORES,22,tcp,23.1,78.2,8.6,77.7,administración remota,benigna,0,0
CX365,SEG_SERVIDORES,EXTERNO,53,udp,47.1,70.0,13.4,174.1,consulta de nombres,benigna,1,0
CX236,SEG_SERVIDORES,EXTERNO,53,udp,53.8,118.6,13.9,103.0,consulta de nombres,benigna,1,0
CX031,SEG_USUARIOS,SEG_SERVIDORES,443,tcp,39.3,119.8,11.2,112.4,portal interno,benigna,0,0
CX155,SEG_SERVIDORES,EXTERNO,53,udp,16.3,44.2,14.9,164.6,consulta de nombres,benigna,1,0
CX472,SEG_USUARIOS,SEG_SERVIDORES,445,tcp,59.0,44.5,9.4,58.0,carpeta compartida,benigna,0,0
CX594,SEG_SERVIDORES,SEG_BASES,3306,tcp,17.6,8.5,11.4,57.3,"migración concluida, sin uso",benigna,0,1
CX398,SEG_USUARIOS,EXTERNO,443,tcp,47.5,48.4,12.0,93.9,navegación web,benigna,1,0
CX280,SEG_SERVIDORES,EXTERNO,53,udp,2.9,108.0,11.5,110.4,consulta de nombres,benigna,1,0
CX052,SEG_PAGOS,SEG_SERVIDORES,443,tcp,56.8,40.6,12.3,156.2,conciliación de pagos,benigna,0,0
CX037,SEG_USUARIOS,EXTERNO,443,tcp,68.7,81.3,11.1,97.2,navegación web,benigna,1,0
CX098,SEG_SERVIDORES,SEG_DMZ,443,tcp,34.0,88.5,13.7,9.3,publicación de servicios,benigna,0,0
CX387,SEG_ADMIN,SEG_SERVIDORES,3389,tcp,52.5,68.1,14.6,175.5,escritorio remoto,benigna,0,0
CX014,SEG_DMZ,EXTERNO,443,tcp,41.6,54.1,14.1,95.8,servicios publicados,benigna,1,0
CX164,SEG_USUARIOS,SEG_SERVIDORES,443,tcp,20.9,90.3,11.0,38.7,portal interno,benigna,0,0
CX059,SEG_SERVIDORES,SEG_SERVIDORES,22,tcp,4.7,60.0,7.6,34.8,administración remota,benigna,0,0
CX064,SEG_USUARIOS,SEG_SERVIDORES,445,tcp,44.2,63.6,8.9,106.3,carpeta compartida,benigna,0,0
CX234,SEG_SERVIDORES,SEG_BASES,1433,tcp,54.0,67.3,14.9,148.3,consulta de base de datos,benigna,0,0
CX410,SEG_ADMIN,SEG_BASES,22,tcp,40.9,53.9,13.2,146.4,mantenimiento de base de datos,benigna,0,0
CX513,SEG_SERVIDORES,EXTERNO,25,tcp,64.1,23.4,10.1,141.0,correo saliente,benigna,1,0
CX588,SEG_SERVIDORES,SEG_BASES,3306,tcp,12.3,8.6,9.8,116.6,"migración concluida, sin uso",benigna,0,1
CX266,SEG_SERVIDORES,SEG_SERVIDORES,22,tcp,71.5,67.9,12.8,58.3,administración remota,benigna,0,0
CX412,SEG_ADMIN,SEG_SERVIDORES,3389,tcp,7.0,62.9,16.1,60.7,escritorio remoto,benigna,0,0
CX385,SEG_DMZ,EXTERNO,443,tcp,28.5,94.8,13.1,31.6,servicios publicados,benigna,1,0
CX079,SEG_SERVIDORES,SEG_DMZ,443,tcp,47.8,126.4,15.4,103.4,publicación de servicios,benigna,0,0
CX046,SEG_SERVIDORES,SEG_DMZ,443,tcp,24.1,14.1,10.0,143.7,publicación de servicios,benigna,0,0
CX372,SEG_ADMIN,SEG_BASES,22,tcp,28.3,5.6,17.7,28.6,mantenimiento de base de datos,benigna,0,0
CX332,SEG_USUARIOS,EXTERNO,443,tcp,28.2,64.2,8.3,52.7,navegación web,benigna,1,0
CX158,SEG_USUARIOS,SEG_SERVIDORES,443,tcp,99.0,87.6,11.1,109.0,portal interno,benigna,0,0
CX025,SEG_DMZ,EXTERNO,443,tcp,34.0,79.7,11.9,126.6,servicios publicados,benigna,1,0
CX501,SEG_SERVIDORES,SEG_DMZ,443,tcp,2.5,70.3,10.1,47.3,publicación de servicios,benigna,0,0
CX400,SEG_BASES,SEG_SERVIDORES,1433,tcp,108.8,89.5,13.7,72.0,respuesta de base de datos,benigna,0,0
CX257,SEG_ADMIN,SEG_BASES,22,tcp,69.6,79.3,13.9,81.4,mantenimiento de base de datos,benigna,0,0
CX383,SEG_DMZ,EXTERNO,443,tcp,22.7,33.1,15.2,102.3,servicios publicados,benigna,1,0
CX548,SEG_PAGOS,SEG_SERVIDORES,443,tcp,59.7,65.8,17.0,27.2,conciliación de pagos,benigna,0,0
CX475,SEG_USUARIOS,SEG_SERVIDORES,80,tcp,32.8,57.4,7.2,38.8,intranet,benigna,0,0
CX592,SEG_SERVIDORES,SEG_BASES,1521,tcp,11.0,14.6,10.8,64.9,"migración concluida, sin uso",benigna,0,1
CX290,SEG_BASES,SEG_SERVIDORES,1433,tcp,51.0,30.4,13.0,44.3,respuesta de base de datos,benigna,0,0
CX481,SEG_ADMIN,SEG_BASES,22,tcp,34.0,106.5,14.1,114.4,mantenimiento de base de datos,benigna,0,0
CX439,SEG_PAGOS,SEG_SERVIDORES,443,tcp,58.6,90.5,13.8,70.6,conciliación de pagos,benigna,0,0
CX123,SEG_SERVIDORES,SEG_SERVIDORES,22,tcp,79.4,22.7,15.2,101.6,administración remota,benigna,0,0
CX320,SEG_BASES,SEG_SERVIDORES,1433,tcp,67.9,39.2,16.3,159.9,respuesta de base de datos,benigna,0,0
CX067,SEG_DMZ,EXTERNO,443,tcp,60.3,49.1,9.6,211.4,servicios publicados,benigna,1,0
CX195,SEG_USUARIOS,SEG_SERVIDORES,80,tcp,20.2,89.8,15.6,200.4,intranet,benigna,0,0
CX178,SEG_BASES,SEG_SERVIDORES,1433,tcp,46.6,102.4,14.4,81.7,respuesta de base de datos,benigna,0,0
CX207,SEG_USUARIOS,SEG_DMZ,443,tcp,56.1,14.5,10.0,87.0,correo web,benigna,0,0
CX128,SEG_USUARIOS,EXTERNO,443,tcp,23.8,107.6,13.9,205.7,navegación web,benigna,1,0
CX474,SEG_USUARIOS,SEG_DMZ,443,tcp,89.1,103.9,17.2,90.1,correo web,benigna,0,0
CX337,SEG_SERVIDORES,SEG_SERVIDORES,22,tcp,39.8,7.8,11.3,83.5,administración remota,benigna,0,0
CX421,SEG_USUARIOS,EXTERNO,443,tcp,29.4,31.5,14.0,5.9,navegación web,benigna,1,0
CX462,SEG_DMZ,EXTERNO,443,tcp,126.5,77.3,9.4,102.3,servicios publicados,benigna,1,0
CX001,SEG_ADMIN,SEG_BASES,22,tcp,34.6,119.0,14.7,76.5,mantenimiento de base de datos,benigna,0,0
CX227,SEG_USUARIOS,SEG_SERVIDORES,445,tcp,86.1,81.9,20.4,85.9,carpeta compartida,benigna,0,0
CX570,SEG_USUARIOS,SEG_SERVIDORES,445,tcp,56.8,56.6,11.3,155.5,carpeta compartida,benigna,0,0
CX563,SEG_DMZ,SEG_SERVIDORES,443,tcp,91.8,65.3,8.6,99.3,retorno de servicios,benigna,0,0
CX250,SEG_BASES,SEG_SERVIDORES,1433,tcp,66.7,53.9,11.6,157.1,respuesta de base de datos,benigna,0,0
CX378,SEG_USUARIOS,SEG_DMZ,443,tcp,49.6,62.3,6.9,44.1,correo web,benigna,0,0
CX109,SEG_ADMIN,SEG_BASES,22,tcp,64.9,74.3,11.4,76.8,mantenimiento de base de datos,benigna,0,0
CX194,SEG_SERVIDORES,EXTERNO,53,udp,45.6,21.0,11.9,175.4,consulta de nombres,benigna,1,0
CX006,SEG_USUARIOS,SEG_SERVIDORES,80,tcp,58.9,55.0,12.4,23.3,intranet,benigna,0,0
CX261,SEG_SERVIDORES,EXTERNO,53,udp,67.5,69.5,6.1,111.9,consulta de nombres,benigna,1,0
CX564,SEG_ADMIN,SEG_SERVIDORES,3389,tcp,94.5,28.0,16.7,32.1,escritorio remoto,benigna,0,0
CX314,SEG_USUARIOS,SEG_SERVIDORES,443,tcp,96.2,90.9,16.7,13.7,portal interno,benigna,0,0
CX532,SEG_USUARIOS,EXTERNO,443,tcp,42.6,70.2,12.3,103.3,navegación web,benigna,1,0
CX561,SEG_SERVIDORES,SEG_SERVIDORES,22,tcp,83.4,91.8,10.0,126.3,administración remota,benigna,0,0
CX060,SEG_USUARIOS,SEG_DMZ,443,tcp,26.2,17.4,17.2,134.0,correo web,benigna,0,0
CX346,SEG_ADMIN,SEG_BASES,22,tcp,80.9,13.7,11.8,72.3,mantenimiento de base de datos,benigna,0,0
CX048,SEG_USUARIOS,SEG_SERVIDORES,445,tcp,30.9,65.6,11.4,135.4,carpeta compartida,benigna,0,0
CX520,SEG_BASES,SEG_SERVIDORES,1433,tcp,48.2,67.5,11.5,91.2,respuesta de base de datos,benigna,0,0
CX303,SEG_USUARIOS,SEG_DMZ,443,tcp,69.7,95.2,16.1,146.0,correo web,benigna,0,0
CX457,SEG_USUARIOS,SEG_DMZ,443,tcp,6.3,38.1,11.3,134.9,correo web,benigna,0,0
CX121,SEG_USUARIOS,SEG_DMZ,443,tcp,44.7,123.0,8.7,126.8,correo web,benigna,0,0
CX287,SEG_USUARIOS,SEG_DMZ,443,tcp,45.0,26.8,12.3,91.2,correo web,benigna,0,0
CX423,SEG_SERVIDORES,SEG_BASES,1433,tcp,48.6,19.2,10.0,30.6,consulta de base de datos,benigna,0,0
CX415,SEG_USUARIOS,EXTERNO,443,tcp,41.6,50.9,11.3,122.5,navegación web,benigna,1,0
CX539,SEG_PAGOS,SEG_SERVIDORES,443,tcp,28.5,62.6,12.0,134.7,conciliación de pagos,benigna,0,0
CX247,SEG_ADMIN,SEG_SERVIDORES,3389,tcp,10.7,59.3,10.3,56.3,escritorio remoto,benigna,0,0
CX509,SEG_SERVIDORES,SEG_DMZ,443,tcp,59.5,60.8,15.3,72.7,publicación de servicios,benigna,0,0
CX167,SEG_SERVIDORES,SEG_DMZ,443,tcp,38.3,19.8,14.0,102.3,publicación de servicios,benigna,0,0
CX313,SEG_USUARIOS,SEG_SERVIDORES,445,tcp,11.5,130.3,14.9,162.1,carpeta compartida,benigna,0,0
CX511,SEG_USUARIOS,SEG_SERVIDORES,445,tcp,41.0,106.2,13.1,150.8,carpeta compartida,benigna,0,0
CX210,SEG_USUARIOS,SEG_SERVIDORES,445,tcp,82.1,42.6,10.3,69.2,carpeta compartida,benigna,0,0
CX486,SEG_DMZ,SEG_SERVIDORES,443,tcp,14.8,49.4,12.6,28.7,retorno de servicios,benigna,0,0
CX223,SEG_USUARIOS,EXTERNO,443,tcp,84.1,44.6,13.2,132.9,navegación web,benigna,1,0
CX300,SEG_SERVIDORES,SEG_DMZ,443,tcp,45.9,82.1,12.8,194.8,publicación de servicios,benigna,0,0
CX214,SEG_PAGOS,SEG_SERVIDORES,443,tcp,32.9,60.4,15.9,101.7,conciliación de pagos,benigna,0,0
CX119,SEG_SERVIDORES,SEG_SERVIDORES,22,tcp,63.4,60.7,13.1,17.7,administración remota,benigna,0,0
CX598,SEG_SERVIDORES,SEG_BASES,3306,tcp,12.6,11.1,7.7,62.1,"migración concluida, sin uso",benigna,0,1
CX384,SEG_SERVIDORES,EXTERNO,53,udp,44.0,45.4,9.9,46.7,consulta de nombres,benigna,1,0
CX487,SEG_BASES,SEG_SERVIDORES,1433,tcp,17.9,110.3,6.8,35.9,respuesta de base de datos,benigna,0,0
CX530,SEG_SERVIDORES,EXTERNO,53,udp,23.6,74.9,13.3,118.5,consulta de nombres,benigna,1,0
CX455,SEG_PAGOS,SEG_SERVIDORES,443,tcp,17.0,131.3,13.5,153.8,conciliación de pagos,benigna,0,0
CX043,SEG_BASES,SEG_SERVIDORES,1433,tcp,19.9,75.2,12.2,35.1,respuesta de base de datos,benigna,0,0
CX525,SEG_BASES,SEG_SERVIDORES,1433,tcp,58.4,88.5,10.1,70.4,respuesta de base de datos,benigna,0,0
CX556,SEG_SERVIDORES,EXTERNO,53,udp,10.6,84.7,13.1,63.1,consulta de nombres,benigna,1,0
CX507,SEG_SERVIDORES,SEG_SERVIDORES,22,tcp,14.7,122.6,11.5,142.0,administración remota,benigna,0,0
CX077,SEG_SERVIDORES,EXTERNO,53,udp,70.7,88.9,18.6,70.9,consulta de nombres,benigna,1,0
CX490,SEG_SERVIDORES,EXTERNO,25,tcp,67.5,70.5,10.8,76.3,correo saliente,benigna,1,0
CX142,SEG_USUARIOS,SEG_DMZ,443,tcp,2.9,8.7,12.5,140.1,correo web,benigna,0,0
CX568,SEG_SERVIDORES,EXTERNO,53,udp,73.8,34.4,9.4,111.7,consulta de nombres,benigna,1,0
CX074,SEG_SERVIDORES,EXTERNO,25,tcp,87.6,77.5,7.8,65.5,correo saliente,benigna,1,0
CX307,SEG_USUARIOS,EXTERNO,443,tcp,77.4,102.0,13.1,101.8,navegación web,benigna,1,0
CX498,SEG_USUARIOS,SEG_SERVIDORES,80,tcp,6.2,68.7,4.3,50.1,intranet,benigna,0,0
CX555,SEG_SERVIDORES,SEG_SERVIDORES,22,tcp,27.5,5.6,12.8,126.1,administración remota,benigna,0,0
CX565,SEG_SERVIDORES,SEG_SERVIDORES,22,tcp,40.9,77.1,12.6,150.5,administración remota,benigna,0,0
CX153,SEG_USUARIOS,SEG_SERVIDORES,445,tcp,44.9,112.1,7.0,80.9,carpeta compartida,benigna,0,0
CX033,SEG_DMZ,EXTERNO,443,tcp,23.0,94.3,8.7,87.1,servicios publicados,benigna,1,0
CX016,SEG_USUARIOS,SEG_SERVIDORES,445,tcp,37.0,64.7,10.6,202.4,carpeta compartida,benigna,0,0
CX482,SEG_PAGOS,SEG_SERVIDORES,443,tcp,56.6,58.3,10.5,9.6,conciliación de pagos,benigna,0,0
CX351,SEG_PAGOS,SEG_SERVIDORES,443,tcp,52.6,4.3,13.2,91.6,conciliación de pagos,benigna,0,0
CX108,SEG_PAGOS,SEG_SERVIDORES,443,tcp,17.3,54.8,14.2,113.7,conciliación de pagos,benigna,0,0
CX177,SEG_USUARIOS,SEG_SERVIDORES,443,tcp,61.8,98.8,6.1,144.2,portal interno,benigna,0,0
CX467,SEG_SERVIDORES,EXTERNO,25,tcp,68.1,50.9,17.9,18.0,correo saliente,benigna,1,0
CX404,SEG_DMZ,SEG_SERVIDORES,443,tcp,72.7,90.0,11.4,28.3,retorno de servicios,benigna,0,0
CX148,SEG_DMZ,SEG_SERVIDORES,443,tcp,1.3,11.9,9.9,100.2,retorno de servicios,benigna,0,0
CX451,SEG_USUARIOS,SEG_SERVIDORES,443,tcp,60.9,66.0,15.8,160.7,portal interno,benigna,0,0
CX255,SEG_SERVIDORES,SEG_SERVIDORES,22,tcp,64.1,38.5,13.3,157.3,administración remota,benigna,0,0
CX335,SEG_USUARIOS,SEG_SERVIDORES,445,tcp,84.2,159.2,6.3,32.3,carpeta compartida,benigna,0,0
CX036,SEG_SERVIDORES,SEG_BASES,1433,tcp,62.6,105.2,16.2,209.8,consulta de base de datos,benigna,0,0
CX436,SEG_USUARIOS,SEG_SERVIDORES,80,tcp,56.9,55.5,17.3,91.1,intranet,benigna,0,0
CX226,SEG_SERVIDORES,EXTERNO,53,udp,59.9,45.9,11.3,84.0,consulta de nombres,benigna,1,0
CX173,SEG_SERVIDORES,EXTERNO,25,tcp,44.1,44.9,13.9,109.2,correo saliente,benigna,1,0
CX583,SEG_PAGOS,EXTERNO,9443,tcp,0.4,470.0,13.0,6.0,"punto de venta, autorización de tarjetas",benigna,1,1
CX242,SEG_DMZ,EXTERNO,443,tcp,9.3,98.5,13.0,210.1,servicios publicados,benigna,1,0
CX018,SEG_DMZ,EXTERNO,443,tcp,26.4,83.0,17.1,44.6,servicios publicados,benigna,1,0
CX344,SEG_DMZ,SEG_SERVIDORES,443,tcp,79.7,56.7,12.1,134.5,retorno de servicios,benigna,0,0
CX157,SEG_SERVIDORES,EXTERNO,53,udp,22.9,73.7,10.7,80.2,consulta de nombres,benigna,1,0
CX536,SEG_SERVIDORES,SEG_DMZ,443,tcp,100.5,23.7,9.1,80.5,publicación de servicios,benigna,0,0
CX593,SEG_SERVIDORES,SEG_BASES,1521,tcp,3.6,13.5,9.0,76.2,"migración concluida, sin uso",benigna,0,1
CX526,SEG_USUARIOS,SEG_SERVIDORES,445,tcp,71.1,122.0,11.3,240.7,carpeta compartida,benigna,0,0
CX035,SEG_ADMIN,SEG_BASES,22,tcp,93.5,78.8,12.2,152.4,mantenimiento de base de datos,benigna,0,0
CX375,SEG_BASES,SEG_SERVIDORES,1433,tcp,78.3,32.6,12.1,170.3,respuesta de base de datos,benigna,0,0
CX389,SEG_PAGOS,SEG_SERVIDORES,443,tcp,69.7,71.7,13.6,22.9,conciliación de pagos,benigna,0,0
CX591,SEG_SERVIDORES,SEG_BASES,5432,tcp,22.5,13.0,11.7,92.2,"migración concluida, sin uso",benigna,0,1
CX551,SEG_USUARIOS,SEG_SERVIDORES,80,tcp,5.2,82.6,9.7,78.3,intranet,benigna,0,0
CX504,SEG_ADMIN,SEG_BASES,22,tcp,9.3,36.4,12.9,140.3,mantenimiento de base de datos,benigna,0,0
CX374,SEG_USUARIOS,EXTERNO,443,tcp,21.6,113.1,9.6,85.5,navegación web,benigna,1,0
CX209,SEG_USUARIOS,SEG_SERVIDORES,443,tcp,18.4,18.2,10.3,77.0,portal interno,benigna,0,0
CX434,SEG_DMZ,SEG_SERVIDORES,443,tcp,40.4,69.6,12.8,104.0,retorno de servicios,benigna,0,0
CX065,SEG_SERVIDORES,SEG_DMZ,443,tcp,50.8,80.7,12.0,80.9,publicación de servicios,benigna,0,0
CX011,SEG_SERVIDORES,SEG_DMZ,443,tcp,59.5,68.4,10.8,174.2,publicación de servicios,benigna,0,0
CX216,SEG_USUARIOS,EXTERNO,443,tcp,13.6,76.7,16.1,109.9,navegación web,benigna,1,0
CX470,SEG_SERVIDORES,EXTERNO,25,tcp,58.7,84.7,9.1,115.6,correo saliente,benigna,1,0
CX112,SEG_ADMIN,SEG_BASES,22,tcp,19.0,74.8,14.4,153.7,mantenimiento de base de datos,benigna,0,0
CX578,SEG_USUARIOS,EXTERNO,8443,tcp,32.2,99.0,10.6,208.6,herramienta de colaboración sin trámite,benigna,1,1
CX179,SEG_ADMIN,SEG_SERVIDORES,3389,tcp,51.4,16.8,8.7,147.5,escritorio remoto,benigna,0,0
CX253,SEG_SERVIDORES,EXTERNO,25,tcp,76.9,23.3,9.3,54.8,correo saliente,benigna,1,0
CX094,SEG_ADMIN,SEG_SERVIDORES,3389,tcp,67.1,33.4,12.6,127.0,escritorio remoto,benigna,0,0
CX585,SEG_USUARIOS,SEG_BASES,4899,tcp,2.0,380.0,1.8,4.0,sin servicio asociado,maliciosa,0,1
CX294,SEG_USUARIOS,SEG_SERVIDORES,445,tcp,44.9,83.8,14.3,64.6,carpeta compartida,benigna,0,0
CX262,SEG_DMZ,SEG_SERVIDORES,443,tcp,63.8,125.7,10.1,135.2,retorno de servicios,benigna,0,0
CX101,SEG_SERVIDORES,EXTERNO,53,udp,49.9,74.9,7.9,48.0,consulta de nombres,benigna,1,0
CX168,SEG_SERVIDORES,SEG_BASES,1433,tcp,28.1,53.4,11.1,126.4,consulta de base de datos,benigna,0,0
CX315,SEG_SERVIDORES,EXTERNO,53,udp,20.2,31.7,11.5,102.2,consulta de nombres,benigna,1,0
CX519,SEG_BASES,SEG_SERVIDORES,1433,tcp,13.1,39.3,10.4,143.5,respuesta de base de datos,benigna,0,0
CX447,SEG_USUARIOS,SEG_SERVIDORES,445,tcp,40.7,39.2,13.6,30.4,carpeta compartida,benigna,0,0
CX558,SEG_USUARIOS,SEG_SERVIDORES,80,tcp,48.9,78.8,9.5,197.1,intranet,benigna,0,0
CX368,SEG_SERVIDORES,SEG_SERVIDORES,22,tcp,38.8,32.0,16.1,101.7,administración remota,benigna,0,0
CX146,SEG_PAGOS,SEG_SERVIDORES,443,tcp,38.3,44.3,8.7,68.0,conciliación de pagos,benigna,0,0
CX363,SEG_PAGOS,SEG_SERVIDORES,443,tcp,48.7,69.5,14.8,115.1,conciliación de pagos,benigna,0,0
CX554,SEG_BASES,SEG_SERVIDORES,1433,tcp,26.9,113.6,18.1,73.4,respuesta de base de datos,benigna,0,0
CX322,SEG_ADMIN,SEG_BASES,22,tcp,72.3,53.8,10.8,140.9,mantenimiento de base de datos,benigna,0,0
CX186,SEG_DMZ,SEG_SERVIDORES,443,tcp,81.0,73.6,7.9,101.4,retorno de servicios,benigna,0,0
CX133,SEG_USUARIOS,SEG_SERVIDORES,80,tcp,2.9,142.1,11.8,190.9,intranet,benigna,0,0
CX120,SEG_USUARIOS,SEG_SERVIDORES,80,tcp,48.4,89.9,12.2,113.2,intranet,benigna,0,0
CX039,SEG_DMZ,SEG_SERVIDORES,443,tcp,100.3,77.7,12.2,145.4,retorno de servicios,benigna,0,0
CX494,SEG_SERVIDORES,EXTERNO,53,udp,75.0,45.8,11.7,190.9,consulta de nombres,benigna,1,0
CX553,SEG_DMZ,EXTERNO,443,tcp,54.6,140.0,13.6,156.6,servicios publicados,benigna,1,0
CX339,SEG_SERVIDORES,SEG_DMZ,443,tcp,64.4,53.7,11.9,120.7,publicación de servicios,benigna,0,0
CX085,SEG_BASES,SEG_SERVIDORES,1433,tcp,82.0,103.5,10.5,129.1,respuesta de base de datos,benigna,0,0
CX225,SEG_USUARIOS,SEG_SERVIDORES,443,tcp,45.9,57.7,10.7,139.6,portal interno,benigna,0,0
CX020,SEG_SERVIDORES,SEG_SERVIDORES,22,tcp,84.9,29.1,12.7,118.5,administración remota,benigna,0,0
CX073,SEG_SERVIDORES,SEG_SERVIDORES,22,tcp,21.5,88.8,10.8,50.2,administración remota,benigna,0,0
CX419,SEG_DMZ,EXTERNO,443,tcp,58.4,62.9,12.7,143.6,servicios publicados,benigna,1,0
CX076,SEG_DMZ,EXTERNO,443,tcp,63.4,44.3,12.3,132.0,servicios publicados,benigna,1,0
CX381,SEG_DMZ,EXTERNO,443,tcp,7.3,83.7,11.9,165.5,servicios publicados,benigna,1,0
CX386,SEG_USUARIOS,SEG_SERVIDORES,80,tcp,48.4,78.0,10.5,51.5,intranet,benigna,0,0
CX453,SEG_SERVIDORES,SEG_SERVIDORES,22,tcp,42.9,49.4,12.3,40.4,administración remota,benigna,0,0
CX265,SEG_SERVIDORES,SEG_SERVIDORES,22,tcp,94.9,97.2,4.8,92.8,administración remota,benigna,0,0
CX041,SEG_SERVIDORES,EXTERNO,25,tcp,88.7,109.7,16.3,112.7,correo saliente,benigna,1,0
CX429,SEG_USUARIOS,SEG_SERVIDORES,443,tcp,13.1,38.0,17.6,98.2,portal interno,benigna,0,0
CX161,SEG_ADMIN,SEG_BASES,22,tcp,105.7,30.0,10.6,35.6,mantenimiento de base de datos,benigna,0,0
CX111,SEG_ADMIN,SEG_SERVIDORES,3389,tcp,68.3,52.1,10.1,62.3,escritorio remoto,benigna,0,0
CX304,SEG_USUARIOS,SEG_SERVIDORES,445,tcp,35.9,85.5,13.8,133.9,carpeta compartida,benigna,0,0
CX573,SEG_PAGOS,SEG_SERVIDORES,443,tcp,19.5,75.9,13.1,27.9,conciliación de pagos,benigna,0,0
CX049,SEG_BASES,SEG_SERVIDORES,1433,tcp,47.1,29.8,9.2,139.8,respuesta de base de datos,benigna,0,0
CX510,SEG_SERVIDORES,SEG_SERVIDORES,22,tcp,35.2,52.0,13.1,62.4,administración remota,benigna,0,0
CX019,SEG_ADMIN,SEG_SERVIDORES,3389,tcp,28.5,60.2,11.3,217.7,escritorio remoto,benigna,0,0
CX044,SEG_USUARIOS,SEG_SERVIDORES,445,tcp,68.3,9.5,13.9,104.2,carpeta compartida,benigna,0,0
CX274,SEG_USUARIOS,SEG_SERVIDORES,445,tcp,35.6,36.6,9.1,54.3,carpeta compartida,benigna,0,0
CX444,SEG_PAGOS,SEG_SERVIDORES,443,tcp,40.0,16.4,7.5,49.3,conciliación de pagos,benigna,0,0
CX091,SEG_USUARIOS,SEG_SERVIDORES,80,tcp,42.0,70.7,9.0,98.9,intranet,benigna,0,0
CX276,SEG_SERVIDORES,EXTERNO,25,tcp,32.1,36.6,12.6,45.5,correo saliente,benigna,1,0
CX115,SEG_BASES,SEG_SERVIDORES,1433,tcp,19.3,35.3,12.3,38.6,respuesta de base de datos,benigna,0,0
CX329,SEG_ADMIN,SEG_SERVIDORES,3389,tcp,67.6,70.9,10.4,54.0,escritorio remoto,benigna,0,0
CX466,SEG_USUARIOS,EXTERNO,443,tcp,66.9,47.0,13.4,10.9,navegación web,benigna,1,0
CX132,SEG_ADMIN,SEG_BASES,22,tcp,20.6,44.8,12.7,42.1,mantenimiento de base de datos,benigna,0,0
CX002,SEG_DMZ,SEG_SERVIDORES,443,tcp,6.8,44.8,9.6,82.9,retorno de servicios,benigna,0,0
CX228,SEG_BASES,SEG_SERVIDORES,1433,tcp,5.5,8.0,13.6,128.6,respuesta de base de datos,benigna,0,0
CX134,SEG_DMZ,EXTERNO,443,tcp,36.1,87.4,8.3,127.7,servicios publicados,benigna,1,0
CX249,SEG_USUARIOS,SEG_SERVIDORES,80,tcp,44.3,28.7,14.8,84.5,intranet,benigna,0,0
CX284,SEG_USUARIOS,SEG_SERVIDORES,80,tcp,47.3,96.1,13.5,72.4,intranet,benigna,0,0
CX497,SEG_SERVIDORES,EXTERNO,53,udp,42.8,56.9,8.7,128.8,consulta de nombres,benigna,1,0
CX336,SEG_SERVIDORES,EXTERNO,53,udp,45.0,56.8,4.9,84.7,consulta de nombres,benigna,1,0
CX440,SEG_DMZ,EXTERNO,443,tcp,97.2,14.1,8.1,99.1,servicios publicados,benigna,1,0
CX264,SEG_USUARIOS,SEG_SERVIDORES,445,tcp,46.2,59.6,12.1,101.1,carpeta compartida,benigna,0,0
CX143,SEG_DMZ,EXTERNO,443,tcp,72.5,75.3,14.0,27.5,servicios publicados,benigna,1,0
CX246,SEG_SERVIDORES,EXTERNO,25,tcp,32.6,71.8,16.4,88.7,correo saliente,benigna,1,0
CX028,SEG_SERVIDORES,EXTERNO,25,tcp,35.4,88.1,14.8,78.1,correo saliente,benigna,1,0
CX442,SEG_ADMIN,SEG_SERVIDORES,3389,tcp,62.7,5.0,9.0,169.0,escritorio remoto,benigna,0,0
CX139,SEG_SERVIDORES,EXTERNO,25,tcp,51.7,92.8,10.0,116.9,correo saliente,benigna,1,0
CX364,SEG_ADMIN,SEG_BASES,22,tcp,56.3,82.6,12.9,165.9,mantenimiento de base de datos,benigna,0,0
CX090,SEG_DMZ,EXTERNO,443,tcp,50.1,46.7,12.5,123.9,servicios publicados,benigna,1,0
CX024,SEG_SERVIDORES,SEG_BASES,1433,tcp,78.6,84.1,13.9,124.0,consulta de base de datos,benigna,0,0
CX080,SEG_BASES,SEG_SERVIDORES,1433,tcp,30.9,9.5,10.2,47.6,respuesta de base de datos,benigna,0,0
CX126,SEG_SERVIDORES,SEG_DMZ,443,tcp,49.5,71.6,14.3,140.8,publicación de servicios,benigna,0,0
CX243,SEG_SERVIDORES,EXTERNO,25,tcp,86.6,68.1,14.4,86.4,correo saliente,benigna,1,0
CX371,SEG_USUARIOS,SEG_SERVIDORES,443,tcp,24.9,92.9,11.2,129.7,portal interno,benigna,0,0
CX327,SEG_USUARIOS,SEG_SERVIDORES,80,tcp,42.0,25.9,10.0,68.9,intranet,benigna,0,0
CX580,SEG_USUARIOS,EXTERNO,8443,tcp,41.2,77.2,11.8,218.6,herramienta de colaboración sin trámite,benigna,1,1
CX505,SEG_ADMIN,SEG_BASES,22,tcp,3.7,105.2,10.5,59.3,mantenimiento de base de datos,benigna,0,0
CX409,SEG_DMZ,SEG_SERVIDORES,443,tcp,33.4,50.5,13.3,86.3,retorno de servicios,benigna,0,0
CX599,SEG_SERVIDORES,SEG_BASES,5432,tcp,8.1,9.3,8.3,81.3,"migración concluida, sin uso",benigna,0,1
CX082,SEG_USUARIOS,SEG_DMZ,443,tcp,52.5,42.5,12.7,91.3,correo web,benigna,0,0
CX469,SEG_USUARIOS,SEG_SERVIDORES,445,tcp,92.1,73.8,16.8,143.5,carpeta compartida,benigna,0,0
CX232,SEG_SERVIDORES,SEG_BASES,1433,tcp,49.0,150.3,11.7,166.7,consulta de base de datos,benigna,0,0
CX502,SEG_SERVIDORES,EXTERNO,53,udp,80.0,41.7,11.0,56.5,consulta de nombres,benigna,1,0
CX038,SEG_PAGOS,SEG_SERVIDORES,443,tcp,24.0,50.9,11.0,113.5,conciliación de pagos,benigna,0,0
CX141,SEG_ADMIN,SEG_SERVIDORES,3389,tcp,21.1,39.8,12.5,148.4,escritorio remoto,benigna,0,0
CX547,SEG_USUARIOS,EXTERNO,443,tcp,6.0,110.3,10.0,99.3,navegación web,benigna,1,0
CX237,SEG_SERVIDORES,SEG_DMZ,443,tcp,38.4,85.5,10.7,197.0,publicación de servicios,benigna,0,0
CX417,SEG_PAGOS,SEG_SERVIDORES,443,tcp,43.7,96.7,8.4,179.1,conciliación de pagos,benigna,0,0
CX584,SEG_BASES,EXTERNO,443,tcp,40.0,140.0,3.2,22.0,sin servicio asociado,maliciosa,1,0
CX333,SEG_SERVIDORES,SEG_SERVIDORES,22,tcp,100.3,17.5,12.6,91.1,administración remota,benigna,0,0
CX270,SEG_USUARIOS,SEG_DMZ,443,tcp,85.6,62.1,11.4,62.0,correo web,benigna,0,0
CX338,SEG_DMZ,EXTERNO,443,tcp,27.0,45.2,16.3,129.0,servicios publicados,benigna,1,0
CX092,SEG_BASES,SEG_SERVIDORES,1433,tcp,85.1,38.4,9.5,61.9,respuesta de base de datos,benigna,0,0
CX081,SEG_DMZ,EXTERNO,443,tcp,94.0,73.7,15.6,30.1,servicios publicados,benigna,1,0
